MÃ©todo,Protocol,IP_Destino,Hop,IP,AS,Attempt,TX_Time,RTT,Probe_Size,Reply_TTL,Reply_Size,Reply_IPID,Reply_TOS,ICMP_Type,ICMP_Code,Query_TTL,Query_Len,Query_TOS,Flags,Flags_Description
udp,UDP,5.161.76.19,1.0,192.168.1.1,IP Privada,1.0,0.000163,0.00045,44.0,64.0,72.0,0x7ad2,0xc0,11.0,0.0,1.0,44.0,0.0,0x11, sockrxts replyttl 
udp,UDP,5.161.76.19,2.0,191.112.0.1,"AS7418 - TELEFONICA CHILE S.A., CL",1.0,0.050745,0.003757,44.0,254.0,56.0,0x0183,0xc0,11.0,0.0,1.0,44.0,0.0,0x11, sockrxts replyttl 
udp,UDP,5.161.76.19,3.0,10.50.3.21,IP Privada,1.0,0.100706,0.004116,44.0,253.0,56.0,0x00cb,0xc0,11.0,0.0,1.0,44.0,0.0,0x11, sockrxts replyttl 
udp,UDP,5.161.76.19,4.0,10.50.3.10,IP Privada,1.0,0.150013,0.004377,44.0,252.0,56.0,0x020b,0xc0,11.0,0.0,1.0,44.0,0.0,0x11, sockrxts replyttl 
udp,UDP,5.161.76.19,7.0,213.140.43.234,"AS12956 - TELXIUS TELXIUS Cable, ES",2.0,25.220684,0.100576,44.0,249.0,96.0,0xa625,0x00,11.0,0.0,1.0,44.0,32.0,0x11, sockrxts replyttl 
udp,UDP,5.161.76.19,8.0,94.142.107.213,"AS12956 - TELXIUS TELXIUS Cable, ES",1.0,25.321317,0.099953,44.0,248.0,96.0,0x63f8,0x00,11.0,0.0,1.0,44.0,32.0,0x11, sockrxts replyttl 
udp,UDP,5.161.76.19,9.0,62.115.120.176,"AS1299 - TWELVE99 Arelion, fka Telia Carrier, SE",1.0,25.42133,0.143704,44.0,247.0,168.0,0x7141,0x00,11.0,0.0,1.0,44.0,0.0,0x11, sockrxts replyttl 
udp,UDP,5.161.76.19,10.0,62.115.123.125,"AS1299 - TWELVE99 Arelion, fka Telia Carrier, SE",1.0,25.56509,0.121724,44.0,248.0,96.0,0x7722,0x00,11.0,0.0,1.0,44.0,0.0,0x11, sockrxts replyttl 
udp,UDP,5.161.76.19,11.0,62.115.56.201,"AS1299 - TWELVE99 Arelion, fka Telia Carrier, SE",1.0,25.687109,0.133633,44.0,245.0,56.0,0x0000,0x00,11.0,0.0,1.0,44.0,0.0,0x11, sockrxts replyttl 
udp,UDP,5.161.76.19,12.0,5.161.0.82,"AS213230 - HETZNER-CLOUD2-AS, DE",1.0,25.820799,0.133789,44.0,244.0,56.0,0x0000,0x00,11.0,0.0,1.0,44.0,0.0,0x11, sockrxts replyttl 
udp,UDP,5.161.76.19,14.0,5.161.9.171,"AS213230 - HETZNER-CLOUD2-AS, DE",1.0,35.962704,0.142226,44.0,51.0,72.0,0xdc12,0x00,11.0,0.0,1.0,44.0,0.0,0x11, sockrxts replyttl 
icmp-paris,ICMP,5.161.76.19,,,,,,,,,,,,,,,,,0x20, icmp-csum-dport 
icmp-paris,ICMP,5.161.76.19,1.0,192.168.1.1,IP Privada,1.0,1.3e-05,0.000449,44.0,64.0,72.0,0x7ad4,0xc0,11.0,0.0,1.0,44.0,0.0,0x11, sockrxts replyttl 
icmp-paris,ICMP,5.161.76.19,2.0,191.112.0.1,"AS7418 - TELEFONICA CHILE S.A., CL",1.0,0.050645,0.005856,44.0,254.0,56.0,0x02c3,0xc0,11.0,0.0,1.0,44.0,0.0,0x11, sockrxts replyttl 
icmp-paris,ICMP,5.161.76.19,3.0,10.50.3.9,IP Privada,1.0,0.100624,0.004449,44.0,253.0,56.0,0x00fe,0xc0,11.0,0.0,1.0,44.0,0.0,0x11, sockrxts replyttl 
udp,UDP,130.104.228.159,1.0,192.168.1.1,IP Privada,1.0,0.000132,0.000447,44.0,64.0,72.0,0x7ade,0xc0,11.0,0.0,1.0,44.0,0.0,0x11, sockrxts replyttl 
udp,UDP,130.104.228.159,2.0,191.112.0.1,"AS7418 - TELEFONICA CHILE S.A., CL",1.0,0.05074,0.004182,44.0,254.0,56.0,0x02d3,0xc0,11.0,0.0,1.0,44.0,0.0,0x11, sockrxts replyttl 
udp,UDP,130.104.228.159,4.0,10.50.3.10,IP Privada,1.0,10.107443,0.005353,44.0,252.0,56.0,0x0023,0xc0,11.0,0.0,1.0,44.0,0.0,0x11, sockrxts replyttl 
udp,UDP,130.104.228.159,7.0,5.53.3.176,"AS12956 - TELXIUS TELXIUS Cable, ES",1.0,30.173994,0.100334,44.0,250.0,56.0,0x0000,0x00,11.0,0.0,1.0,44.0,32.0,0x11, sockrxts replyttl 
udp,UDP,130.104.228.159,9.0,212.133.24.90,"AS3356 - LEVEL3, US",1.0,40.282088,0.214522,44.0,245.0,56.0,0x0000,0x00,11.0,0.0,1.0,44.0,0.0,0x11, sockrxts replyttl 
udp,UDP,130.104.228.159,11.0,193.191.3.86,"AS2611 - BELNET, BE",1.0,50.501574,0.221395,44.0,50.0,72.0,0xef54,0x00,11.0,0.0,1.0,44.0,0.0,0x11, sockrxts replyttl 
udp,UDP,130.104.228.159,16.0,130.104.228.159,"AS2611 - BELNET, BE",1.0,90.748147,0.219316,44.0,46.0,72.0,0x01a3,0x00,3.0,3.0,1.0,44.0,0.0,0x11, sockrxts replyttl 
tcp,TCP,5.161.76.19,1.0,192.168.1.1,IP Privada,1.0,0.050185,0.000456,40.0,64.0,68.0,0x7ad3,0xc0,11.0,0.0,1.0,40.0,0.0,0x14, dlrxts replyttl 
tcp,TCP,5.161.76.19,2.0,191.112.0.1,"AS7418 - TELEFONICA CHILE S.A., CL",1.0,0.100796,0.004893,40.0,254.0,56.0,0x01f8,0xc0,11.0,0.0,1.0,44.0,0.0,0x14, dlrxts replyttl 
tcp,TCP,5.161.76.19,3.0,10.50.3.9,IP Privada,1.0,0.149818,0.012214,40.0,253.0,56.0,0x027d,0xc0,11.0,0.0,1.0,44.0,0.0,0x14, dlrxts replyttl 
tcp,TCP,5.161.76.19,4.0,10.50.3.22,IP Privada,1.0,0.200256,0.004143,40.0,252.0,56.0,0x0000,0x00,11.0,0.0,1.0,44.0,0.0,0x14, dlrxts replyttl 
tcp,TCP,5.161.76.19,9.0,62.115.120.176,"AS1299 - TWELVE99 Arelion, fka Telia Carrier, SE",1.0,40.256041,0.26682,40.0,245.0,168.0,0x478f,0x00,11.0,0.0,1.0,44.0,0.0,0x14, dlrxts replyttl 
tcp,TCP,5.161.76.19,10.0,62.115.123.125,"AS1299 - TWELVE99 Arelion, fka Telia Carrier, SE",1.0,40.522962,0.127282,40.0,248.0,96.0,0xc5f8,0x00,11.0,0.0,1.0,44.0,0.0,0x14, dlrxts replyttl 
tcp,TCP,5.161.76.19,11.0,62.115.56.201,"AS1299 - TWELVE99 Arelion, fka Telia Carrier, SE",1.0,40.650309,0.132849,40.0,245.0,56.0,0x0000,0x00,11.0,0.0,1.0,44.0,0.0,0x14, dlrxts replyttl 
tcp,TCP,5.161.76.19,12.0,5.161.0.82,"AS213230 - HETZNER-CLOUD2-AS, DE",1.0,40.783303,0.133143,40.0,244.0,56.0,0x0000,0x00,11.0,0.0,1.0,44.0,0.0,0x14, dlrxts replyttl 
tcp,TCP,5.161.76.19,14.0,5.161.9.171,"AS213230 - HETZNER-CLOUD2-AS, DE",1.0,50.917692,0.141414,40.0,51.0,72.0,0xe928,0x00,11.0,0.0,1.0,44.0,0.0,0x14, dlrxts replyttl 
udp,UDP,185.131.204.20,1.0,192.168.1.1,IP Privada,1.0,9.2e-05,0.000449,44.0,64.0,72.0,0x7acc,0xc0,11.0,0.0,1.0,44.0,0.0,0x11, sockrxts replyttl 
udp,UDP,185.131.204.20,2.0,191.112.0.1,"AS7418 - TELEFONICA CHILE S.A., CL",1.0,0.050705,0.00436,44.0,254.0,56.0,0x03e8,0xc0,11.0,0.0,1.0,44.0,0.0,0x11, sockrxts replyttl 
udp,UDP,185.131.204.20,3.0,10.50.3.21,IP Privada,2.0,5.10386,0.004987,44.0,253.0,56.0,0x03da,0xc0,11.0,0.0,1.0,44.0,0.0,0x11, sockrxts replyttl 
udp,UDP,185.131.204.20,4.0,10.50.3.10,IP Privada,1.0,5.154068,0.004832,44.0,252.0,56.0,0x0261,0xc0,11.0,0.0,1.0,44.0,0.0,0x11, sockrxts replyttl 
udp,UDP,185.131.204.20,7.0,213.140.43.206,"AS12956 - TELXIUS TELXIUS Cable, ES",1.0,25.218834,0.101094,44.0,249.0,96.0,0x828b,0x00,11.0,0.0,1.0,44.0,32.0,0x11, sockrxts replyttl 
udp,UDP,185.131.204.20,8.0,213.46.186.17,"AS6830 - LIBERTYGLOBAL Liberty Global formerly UPC Broadband Holding, aka AORTA, NL",1.0,25.319994,0.100727,44.0,248.0,56.0,0x0000,0x00,11.0,0.0,1.0,44.0,32.0,0x11, sockrxts replyttl 
udp,UDP,185.131.204.20,11.0,84.116.132.177,"AS6830 - LIBERTYGLOBAL Liberty Global formerly UPC Broadband Holding, aka AORTA, NL",1.0,45.431989,0.23561,44.0,244.0,168.0,0x0000,0x00,11.0,0.0,1.0,44.0,32.0,0x11, sockrxts replyttl 
udp,UDP,185.131.204.20,13.0,212.161.150.165,"AS6730 - SUNRISE, CH",1.0,55.671826,0.227529,44.0,243.0,168.0,0x0000,0x00,11.0,0.0,1.0,44.0,32.0,0x11, sockrxts replyttl 
udp,UDP,185.131.204.20,15.0,84.20.39.214,"AS6730 - SUNRISE, CH",1.0,65.903836,0.240076,44.0,241.0,56.0,0x0000,0x00,11.0,0.0,1.0,44.0,32.0,0x11, sockrxts replyttl 
udp,UDP,185.131.204.20,16.0,84.20.40.252,"AS6730 - SUNRISE, CH",1.0,66.144023,0.240054,44.0,240.0,56.0,0x1e69,0x00,11.0,0.0,1.0,44.0,32.0,0x11, sockrxts replyttl 
udp,UDP,185.131.204.20,17.0,185.131.204.20,"AS6730 - SUNRISE, CH",1.0,66.384185,0.237322,44.0,48.0,72.0,0x710c,0x00,3.0,3.0,1.0,44.0,32.0,0x11, sockrxts replyttl 
tcp-ack,TCP,80.77.4.60,1.0,192.168.1.1,IP Privada,1.0,0.050109,0.000766,40.0,64.0,68.0,0x7adc,0xc0,11.0,0.0,1.0,40.0,0.0,0x14, dlrxts replyttl 
tcp-ack,TCP,80.77.4.60,2.0,191.112.0.1,"AS7418 - TELEFONICA CHILE S.A., CL",1.0,0.100028,0.009243,40.0,254.0,56.0,0x00d6,0xc0,11.0,0.0,1.0,40.0,0.0,0x14, dlrxts replyttl 
tcp-ack,TCP,80.77.4.60,3.0,10.50.3.9,IP Privada,1.0,0.150449,0.010663,40.0,253.0,56.0,0x0335,0xc0,11.0,0.0,1.0,40.0,0.0,0x14, dlrxts replyttl 
tcp-ack,TCP,80.77.4.60,4.0,10.50.3.22,IP Privada,1.0,0.200314,0.003938,40.0,252.0,56.0,0x0000,0x00,11.0,0.0,1.0,40.0,0.0,0x14, dlrxts replyttl 
tcp-ack,TCP,80.77.4.60,5.0,5.53.0.144,"AS12956 - TELXIUS TELXIUS Cable, ES",2.0,5.250401,0.012707,40.0,250.0,96.0,0x591a,0x00,11.0,0.0,1.0,40.0,0.0,0x14, dlrxts replyttl 
tcp-ack,TCP,80.77.4.60,7.0,213.140.43.206,"AS12956 - TELXIUS TELXIUS Cable, ES",2.0,20.302471,0.100273,40.0,249.0,96.0,0xe0af,0x00,11.0,0.0,1.0,40.0,32.0,0x14, dlrxts replyttl 
tcp-ack,TCP,80.77.4.60,9.0,62.115.120.176,"AS1299 - TWELVE99 Arelion, fka Telia Carrier, SE",2.0,35.405185,0.30805,40.0,245.0,168.0,0xf08d,0x00,11.0,0.0,1.0,40.0,0.0,0x14, dlrxts replyttl 
tcp-ack,TCP,80.77.4.60,10.0,62.115.136.200,"AS1299 - TWELVE99 Arelion, fka Telia Carrier, SE",1.0,35.713274,0.142451,40.0,244.0,168.0,0x482a,0x00,11.0,0.0,2.0,40.0,0.0,0x14, dlrxts replyttl 
tcp-ack,TCP,80.77.4.60,11.0,62.115.112.71,"AS1299 - TWELVE99 Arelion, fka Telia Carrier, SE",1.0,35.855777,0.137236,40.0,54.0,68.0,0xaecb,0x00,11.0,0.0,1.0,40.0,0.0,0x14, dlrxts replyttl 
tcp-ack,TCP,80.77.4.60,12.0,62.115.57.79,"AS1299 - TWELVE99 Arelion, fka Telia Carrier, SE",1.0,35.993085,0.144174,40.0,244.0,56.0,0x0000,0x00,11.0,0.0,1.0,40.0,0.0,0x14, dlrxts replyttl 
tcp-ack,TCP,80.77.4.60,13.0,85.95.26.222,"AS15412 - FLAG-AS Flag Telecom Global Internet AS, GB",1.0,36.137333,0.329766,40.0,240.0,168.0,0x0000,0x00,11.0,0.0,1.0,40.0,0.0,0x14, dlrxts replyttl 
tcp-ack,TCP,80.77.4.60,14.0,62.216.128.214,"AS15412 - FLAG-AS Flag Telecom Global Internet AS, GB",1.0,36.467179,0.327026,40.0,241.0,168.0,0x0000,0x00,11.0,0.0,1.0,40.0,0.0,0x14, dlrxts replyttl 
tcp-ack,TCP,80.77.4.60,15.0,85.95.26.161,"AS15412 - FLAG-AS Flag Telecom Global Internet AS, GB",1.0,36.794259,0.32443,40.0,244.0,168.0,0xb14a,0x00,11.0,0.0,1.0,40.0,0.0,0x14, dlrxts replyttl 
tcp-ack,TCP,80.77.4.60,16.0,62.216.134.210,"AS15412 - FLAG-AS Flag Telecom Global Internet AS, GB",1.0,37.118744,0.32429,40.0,244.0,56.0,0x0000,0x00,11.0,0.0,1.0,40.0,0.0,0x14, dlrxts replyttl 
tcp-ack,TCP,185.131.204.20,1.0,192.168.1.1,IP Privada,1.0,0.050347,0.000367,40.0,64.0,68.0,0x7ad0,0xc0,11.0,0.0,1.0,40.0,0.0,0x14, dlrxts replyttl 
tcp-ack,TCP,185.131.204.20,2.0,191.112.0.1,"AS7418 - TELEFONICA CHILE S.A., CL",1.0,0.100917,0.003812,40.0,254.0,56.0,0x0095,0xc0,11.0,0.0,1.0,40.0,0.0,0x14, dlrxts replyttl 
tcp-ack,TCP,185.131.204.20,3.0,10.50.3.21,IP Privada,1.0,0.150861,0.003103,40.0,253.0,56.0,0x00a6,0xc0,11.0,0.0,1.0,40.0,0.0,0x14, dlrxts replyttl 
tcp-ack,TCP,185.131.204.20,4.0,10.50.3.22,IP Privada,1.0,0.200065,0.003875,40.0,252.0,56.0,0x0000,0x00,11.0,0.0,1.0,40.0,0.0,0x14, dlrxts replyttl 
tcp-ack,TCP,185.131.204.20,5.0,5.53.0.144,"AS12956 - TELXIUS TELXIUS Cable, ES",1.0,0.250034,0.004479,40.0,250.0,96.0,0xaf30,0x00,11.0,0.0,1.0,40.0,0.0,0x14, dlrxts replyttl 
tcp-ack,TCP,185.131.204.20,7.0,213.140.43.234,"AS12956 - TELXIUS TELXIUS Cable, ES",2.0,15.302097,0.104083,40.0,249.0,96.0,0x102d,0x00,11.0,0.0,1.0,40.0,32.0,0x14, dlrxts replyttl 
icmp-paris,ICMP,185.131.204.20,,,,,,,,,,,,,,,,,0x20, icmp-csum-dport 
icmp-paris,ICMP,185.131.204.20,1.0,192.168.1.1,IP Privada,1.0,1.3e-05,0.00053,44.0,64.0,72.0,0x7ace,0xc0,11.0,0.0,1.0,44.0,0.0,0x11, sockrxts replyttl 
icmp-paris,ICMP,185.131.204.20,2.0,191.112.0.1,"AS7418 - TELEFONICA CHILE S.A., CL",1.0,0.049681,0.005832,44.0,254.0,56.0,0x03dc,0xc0,11.0,0.0,1.0,44.0,0.0,0x11, sockrxts replyttl 
icmp-paris,ICMP,185.131.204.20,3.0,10.50.3.9,IP Privada,1.0,0.100683,0.003126,44.0,253.0,56.0,0x035b,0xc0,11.0,0.0,1.0,44.0,0.0,0x11, sockrxts replyttl 
icmp-paris,ICMP,185.131.204.20,4.0,10.50.3.22,IP Privada,1.0,0.149961,0.003747,44.0,252.0,56.0,0x0000,0x00,11.0,0.0,1.0,44.0,0.0,0x11, sockrxts replyttl 
icmp-paris,ICMP,185.131.204.20,7.0,213.140.43.234,"AS12956 - TELXIUS TELXIUS Cable, ES",1.0,20.211674,0.099926,44.0,249.0,96.0,0x2103,0x00,11.0,0.0,1.0,44.0,32.0,0x11, sockrxts replyttl 
icmp-paris,ICMP,185.131.204.20,11.0,84.116.132.177,"AS6830 - LIBERTYGLOBAL Liberty Global formerly UPC Broadband Holding, aka AORTA, NL",1.0,50.329784,0.235802,44.0,244.0,168.0,0x0000,0x00,11.0,0.0,1.0,44.0,32.0,0x11, sockrxts replyttl 
icmp-paris,ICMP,185.131.204.20,13.0,212.161.150.165,"AS6730 - SUNRISE, CH",1.0,60.570261,0.226674,44.0,243.0,168.0,0x0000,0x00,11.0,0.0,1.0,44.0,32.0,0x11, sockrxts replyttl 
icmp-paris,ICMP,185.131.204.20,15.0,84.20.39.214,"AS6730 - SUNRISE, CH",1.0,70.80425,0.239403,44.0,241.0,56.0,0x0000,0x00,11.0,0.0,1.0,44.0,32.0,0x11, sockrxts replyttl 
icmp-paris,ICMP,185.131.204.20,16.0,84.20.40.252,"AS6730 - SUNRISE, CH",1.0,71.043738,0.23898,44.0,240.0,56.0,0x3ee8,0x00,11.0,0.0,1.0,44.0,32.0,0x11, sockrxts replyttl 
icmp-paris,ICMP,185.131.204.20,17.0,185.131.204.20,"AS6730 - SUNRISE, CH",1.0,71.282773,0.236262,44.0,48.0,44.0,0x45f8,0x00,,,,,,0x11, sockrxts replyttl 
icmp,ICMP,80.77.4.60,1.0,192.168.1.1,IP Privada,1.0,6e-06,0.000535,44.0,64.0,72.0,0x7ad7,0xc0,11.0,0.0,1.0,44.0,0.0,0x11, sockrxts replyttl 
icmp,ICMP,80.77.4.60,2.0,191.112.0.1,"AS7418 - TELEFONICA CHILE S.A., CL",1.0,0.050698,0.004794,44.0,254.0,56.0,0x03a8,0xc0,11.0,0.0,1.0,44.0,0.0,0x11, sockrxts replyttl 
icmp,ICMP,80.77.4.60,3.0,10.50.3.9,IP Privada,1.0,0.10063,0.004501,44.0,253.0,56.0,0x0199,0xc0,11.0,0.0,1.0,44.0,0.0,0x11, sockrxts replyttl 
icmp,ICMP,80.77.4.60,4.0,10.50.3.22,IP Privada,1.0,0.150287,0.004901,44.0,252.0,56.0,0x0000,0x00,11.0,0.0,1.0,44.0,0.0,0x11, sockrxts replyttl 
icmp,ICMP,80.77.4.60,8.0,94.142.107.213,"AS12956 - TELXIUS TELXIUS Cable, ES",2.0,35.225083,0.100921,44.0,248.0,96.0,0xd62a,0x00,11.0,0.0,1.0,44.0,32.0,0x11, sockrxts replyttl 
icmp,ICMP,80.77.4.60,9.0,62.115.120.176,"AS1299 - TWELVE99 Arelion, fka Telia Carrier, SE",1.0,35.326095,0.143021,44.0,245.0,168.0,0x12f0,0x00,11.0,0.0,1.0,44.0,0.0,0x11, sockrxts replyttl 
icmp,ICMP,80.77.4.60,11.0,62.115.112.71,"AS1299 - TWELVE99 Arelion, fka Telia Carrier, SE",1.0,45.477318,0.137589,44.0,54.0,72.0,0x2c93,0x00,11.0,0.0,1.0,44.0,0.0,0x11, sockrxts replyttl 
icmp,ICMP,80.77.4.60,12.0,62.115.57.79,"AS1299 - TWELVE99 Arelion, fka Telia Carrier, SE",1.0,45.61499,0.143369,44.0,244.0,56.0,0x0000,0x00,11.0,0.0,1.0,44.0,0.0,0x11, sockrxts replyttl 
icmp,ICMP,80.77.4.60,13.0,85.95.26.222,"AS15412 - FLAG-AS Flag Telecom Global Internet AS, GB",1.0,45.758398,0.327888,44.0,240.0,168.0,0x0000,0x00,11.0,0.0,1.0,44.0,0.0,0x11, sockrxts replyttl 
icmp,ICMP,80.77.4.60,14.0,62.216.131.30,"AS15412 - FLAG-AS Flag Telecom Global Internet AS, GB",1.0,46.086381,0.324683,44.0,241.0,168.0,0x0000,0x00,11.0,0.0,1.0,44.0,0.0,0x11, sockrxts replyttl 
icmp,ICMP,80.77.4.60,15.0,62.216.128.210,"AS15412 - FLAG-AS Flag Telecom Global Internet AS, GB",1.0,46.411128,0.225204,44.0,245.0,168.0,0xcc30,0x00,11.0,0.0,1.0,44.0,0.0,0x11, sockrxts replyttl 
icmp,ICMP,80.77.4.60,16.0,85.95.25.93,"AS15412 - FLAG-AS Flag Telecom Global Internet AS, GB",1.0,46.636404,0.31343,44.0,244.0,56.0,0x0000,0x00,11.0,0.0,1.0,44.0,0.0,0x11, sockrxts replyttl 
icmp,ICMP,80.77.4.60,17.0,80.77.4.60,"AS15412 - FLAG-AS Flag Telecom Global Internet AS, GB",1.0,46.949917,0.330522,44.0,52.0,44.0,0x4730,0x00,,,,,,0x11, sockrxts replyttl 
icmp,ICMP,185.131.204.20,1.0,192.168.1.1,IP Privada,1.0,1.3e-05,0.000439,44.0,64.0,72.0,0x7acb,0xc0,11.0,0.0,1.0,44.0,0.0,0x11, sockrxts replyttl 
icmp,ICMP,185.131.204.20,2.0,191.112.0.1,"AS7418 - TELEFONICA CHILE S.A., CL",1.0,0.050644,0.008839,44.0,254.0,56.0,0x00e2,0xc0,11.0,0.0,1.0,44.0,0.0,0x11, sockrxts replyttl 
icmp,ICMP,185.131.204.20,3.0,10.50.3.9,IP Privada,1.0,0.100718,0.004791,44.0,253.0,56.0,0x012a,0xc0,11.0,0.0,1.0,44.0,0.0,0x11, sockrxts replyttl 
icmp,ICMP,185.131.204.20,4.0,10.50.3.22,IP Privada,1.0,0.149647,0.004057,44.0,252.0,56.0,0x0000,0x00,11.0,0.0,1.0,44.0,0.0,0x11, sockrxts replyttl 
icmp,ICMP,185.131.204.20,5.0,5.53.0.144,"AS12956 - TELXIUS TELXIUS Cable, ES",1.0,0.199932,0.004697,44.0,250.0,96.0,0xd099,0x00,11.0,0.0,1.0,44.0,0.0,0x11, sockrxts replyttl 
icmp-paris,ICMP,130.104.228.159,,,,,,,,,,,,,,,,,0x20, icmp-csum-dport 
icmp-paris,ICMP,130.104.228.159,1.0,192.168.1.1,IP Privada,1.0,1e-05,0.000731,44.0,64.0,72.0,0x7ae9,0xc0,11.0,0.0,1.0,44.0,0.0,0x11, sockrxts replyttl 
icmp-paris,ICMP,130.104.228.159,2.0,191.112.0.1,"AS7418 - TELEFONICA CHILE S.A., CL",1.0,0.05289,0.005821,44.0,254.0,56.0,0x00aa,0xc0,11.0,0.0,1.0,44.0,0.0,0x11, sockrxts replyttl 
icmp-paris,ICMP,130.104.228.159,3.0,10.50.3.9,IP Privada,1.0,0.09986,0.016978,44.0,253.0,56.0,0x01de,0xc0,11.0,0.0,1.0,44.0,0.0,0x11, sockrxts replyttl 
icmp-paris,ICMP,130.104.228.159,4.0,10.50.3.10,IP Privada,1.0,0.151395,0.005457,44.0,252.0,56.0,0x026b,0xc0,11.0,0.0,1.0,44.0,0.0,0x11, sockrxts replyttl 
icmp-paris,ICMP,130.104.228.159,8.0,171.75.8.23,"AS3356 - LEVEL3, US",1.0,30.2219,0.219305,44.0,245.0,56.0,0x0000,0x00,11.0,0.0,1.0,44.0,0.0,0x11, sockrxts replyttl 
icmp-paris,ICMP,130.104.228.159,9.0,212.133.24.90,"AS3356 - LEVEL3, US",1.0,30.441285,0.205232,44.0,245.0,56.0,0x0000,0x00,11.0,0.0,1.0,44.0,0.0,0x11, sockrxts replyttl 
icmp-paris,ICMP,130.104.228.159,11.0,193.191.3.86,"AS2611 - BELNET, BE",1.0,40.653639,0.218389,44.0,50.0,72.0,0x9469,0x00,11.0,0.0,1.0,44.0,0.0,0x11, sockrxts replyttl 
icmp-paris,ICMP,130.104.228.159,16.0,130.104.228.159,"AS2611 - BELNET, BE",1.0,80.900367,0.21841,44.0,46.0,44.0,0xd764,0x00,,,,,,0x11, sockrxts replyttl 
tcp,TCP,185.131.204.20,1.0,192.168.1.1,IP Privada,1.0,0.050098,0.000401,40.0,64.0,68.0,0x7acd,0xc0,11.0,0.0,1.0,40.0,0.0,0x14, dlrxts replyttl 
tcp,TCP,185.131.204.20,2.0,191.112.0.1,"AS7418 - TELEFONICA CHILE S.A., CL",1.0,0.100654,0.00394,40.0,254.0,56.0,0x02b7,0xc0,11.0,0.0,1.0,44.0,0.0,0x14, dlrxts replyttl 
tcp,TCP,185.131.204.20,3.0,10.50.3.21,IP Privada,1.0,0.150753,0.004023,40.0,253.0,56.0,0x036a,0xc0,11.0,0.0,1.0,44.0,0.0,0x14, dlrxts replyttl 
tcp,TCP,185.131.204.20,4.0,10.50.3.10,IP Privada,1.0,0.199966,0.003444,40.0,252.0,56.0,0x0160,0xc0,11.0,0.0,1.0,44.0,0.0,0x14, dlrxts replyttl 
tcp,TCP,130.104.228.159,1.0,192.168.1.1,IP Privada,1.0,0.050202,0.000369,40.0,64.0,68.0,0x7adf,0xc0,11.0,0.0,1.0,40.0,0.0,0x14, dlrxts replyttl 
tcp,TCP,130.104.228.159,2.0,191.112.0.1,"AS7418 - TELEFONICA CHILE S.A., CL",1.0,0.10021,0.006267,40.0,254.0,56.0,0x0352,0xc0,11.0,0.0,1.0,44.0,0.0,0x14, dlrxts replyttl 
tcp,TCP,130.104.228.159,3.0,10.50.3.9,IP Privada,1.0,0.150175,0.00717,40.0,253.0,56.0,0x01d9,0xc0,11.0,0.0,1.0,44.0,0.0,0x14, dlrxts replyttl 
tcp,TCP,130.104.228.159,4.0,10.50.3.22,IP Privada,1.0,0.200101,0.004914,40.0,252.0,56.0,0x0000,0x00,11.0,0.0,1.0,44.0,0.0,0x14, dlrxts replyttl 
tcp,TCP,130.104.228.159,8.0,171.75.8.23,"AS3356 - LEVEL3, US",1.0,30.253501,0.224194,40.0,245.0,56.0,0x0000,0x00,11.0,0.0,1.0,44.0,0.0,0x14, dlrxts replyttl 
tcp,TCP,130.104.228.159,9.0,212.133.24.90,"AS3356 - LEVEL3, US",1.0,30.477794,0.209098,40.0,245.0,56.0,0x0000,0x00,11.0,0.0,1.0,44.0,0.0,0x14, dlrxts replyttl 
tcp,TCP,130.104.228.159,11.0,193.191.3.86,"AS2611 - BELNET, BE",1.0,40.688025,0.220433,40.0,50.0,72.0,0x495f,0x00,11.0,0.0,1.0,44.0,0.0,0x14, dlrxts replyttl 
tcp-ack,TCP,5.161.76.19,1.0,192.168.1.1,IP Privada,1.0,0.050416,0.000373,40.0,64.0,68.0,0x7ad6,0xc0,11.0,0.0,1.0,40.0,0.0,0x14, dlrxts replyttl 
tcp-ack,TCP,5.161.76.19,2.0,191.112.0.1,"AS7418 - TELEFONICA CHILE S.A., CL",1.0,0.099917,0.004842,40.0,254.0,56.0,0x01c6,0xc0,11.0,0.0,1.0,40.0,0.0,0x14, dlrxts replyttl 
tcp-ack,TCP,5.161.76.19,3.0,10.50.3.21,IP Privada,1.0,0.149894,0.005053,40.0,253.0,56.0,0x019b,0xc0,11.0,0.0,1.0,40.0,0.0,0x14, dlrxts replyttl 
tcp-ack,TCP,5.161.76.19,4.0,10.50.3.22,IP Privada,1.0,0.200124,0.003616,40.0,252.0,56.0,0x0000,0x00,11.0,0.0,1.0,40.0,0.0,0x14, dlrxts replyttl 
tcp-ack,TCP,5.161.76.19,9.0,62.115.119.230,"AS1299 - TWELVE99 Arelion, fka Telia Carrier, SE",1.0,40.259223,0.137526,40.0,247.0,168.0,0xe388,0x00,11.0,0.0,1.0,40.0,0.0,0x14, dlrxts replyttl 
tcp-ack,TCP,5.161.76.19,10.0,62.115.123.123,"AS1299 - TWELVE99 Arelion, fka Telia Carrier, SE",1.0,40.396819,0.123605,40.0,248.0,96.0,0x21f4,0x00,11.0,0.0,1.0,40.0,0.0,0x14, dlrxts replyttl 
tcp-ack,TCP,5.161.76.19,11.0,62.115.149.65,"AS1299 - TWELVE99 Arelion, fka Telia Carrier, SE",1.0,40.520482,0.138748,40.0,245.0,56.0,0x0000,0x00,11.0,0.0,1.0,40.0,0.0,0x14, dlrxts replyttl 
tcp-ack,TCP,5.161.76.19,12.0,5.161.0.74,"AS213230 - HETZNER-CLOUD2-AS, DE",1.0,40.659288,0.13686,40.0,244.0,56.0,0x0000,0x00,11.0,0.0,1.0,40.0,0.0,0x14, dlrxts replyttl 
tcp-ack,TCP,5.161.76.19,14.0,5.161.9.171,"AS213230 - HETZNER-CLOUD2-AS, DE",1.0,50.79788,0.142033,40.0,51.0,68.0,0x6690,0x00,11.0,0.0,1.0,40.0,0.0,0x14, dlrxts replyttl 
udp-paris,UDP,185.131.204.20,1.0,192.168.1.1,IP Privada,1.0,0.000143,0.000601,44.0,64.0,72.0,0x7acf,0xc0,11.0,0.0,1.0,44.0,0.0,0x11, sockrxts replyttl 
udp-paris,UDP,185.131.204.20,2.0,191.112.0.1,"AS7418 - TELEFONICA CHILE S.A., CL",1.0,0.049852,0.011229,44.0,254.0,56.0,0x0305,0xc0,11.0,0.0,1.0,44.0,0.0,0x11, sockrxts replyttl 
udp-paris,UDP,185.131.204.20,3.0,10.50.3.9,IP Privada,1.0,0.10029,0.009137,44.0,253.0,56.0,0x000d,0xc0,11.0,0.0,1.0,44.0,0.0,0x11, sockrxts replyttl 
udp-paris,UDP,185.131.204.20,4.0,10.50.3.10,IP Privada,1.0,0.150663,0.004974,44.0,252.0,56.0,0x0130,0xc0,11.0,0.0,1.0,44.0,0.0,0x11, sockrxts replyttl 
udp-paris,UDP,185.131.204.20,5.0,213.140.39.160,"AS12956 - TELXIUS TELXIUS Cable, ES",2.0,5.205062,0.005501,44.0,250.0,56.0,0x0000,0x00,11.0,0.0,1.0,44.0,0.0,0x11, sockrxts replyttl 
udp-paris,UDP,185.131.204.20,6.0,176.52.248.55,"AS12956 - TELXIUS TELXIUS Cable, ES",2.0,10.25989,0.099502,44.0,250.0,96.0,0x3e6b,0x00,11.0,0.0,1.0,44.0,32.0,0x11, sockrxts replyttl 
udp-paris,UDP,185.131.204.20,7.0,213.140.43.206,"AS12956 - TELXIUS TELXIUS Cable, ES",1.0,10.359476,0.099711,44.0,249.0,96.0,0xfc91,0x00,11.0,0.0,1.0,44.0,32.0,0x11, sockrxts replyttl 
udp-paris,UDP,185.131.204.20,8.0,213.46.186.17,"AS6830 - LIBERTYGLOBAL Liberty Global formerly UPC Broadband Holding, aka AORTA, NL",1.0,10.459301,0.100869,44.0,248.0,56.0,0x0000,0x00,11.0,0.0,1.0,44.0,32.0,0x11, sockrxts replyttl 
udp-paris,UDP,185.131.204.20,11.0,84.116.132.177,"AS6830 - LIBERTYGLOBAL Liberty Global formerly UPC Broadband Holding, aka AORTA, NL",1.0,30.572998,0.235728,44.0,244.0,168.0,0x0000,0x00,11.0,0.0,1.0,44.0,32.0,0x11, sockrxts replyttl 
udp-paris,UDP,185.131.204.20,13.0,212.161.150.165,"AS6730 - SUNRISE, CH",1.0,40.812838,0.226297,44.0,243.0,168.0,0x0000,0x00,11.0,0.0,1.0,44.0,32.0,0x11, sockrxts replyttl 
udp-paris,UDP,185.131.204.20,15.0,84.20.39.214,"AS6730 - SUNRISE, CH",1.0,51.047366,0.239655,44.0,241.0,56.0,0x0000,0x00,11.0,0.0,1.0,44.0,32.0,0x11, sockrxts replyttl 
udp-paris,UDP,185.131.204.20,16.0,84.20.40.252,"AS6730 - SUNRISE, CH",1.0,51.2871,0.238881,44.0,240.0,56.0,0xeb3b,0x00,11.0,0.0,1.0,44.0,32.0,0x11, sockrxts replyttl 
udp-paris,UDP,185.131.204.20,17.0,185.131.204.20,"AS6730 - SUNRISE, CH",1.0,51.526054,0.236578,44.0,48.0,72.0,0x53f1,0x00,3.0,3.0,1.0,44.0,32.0,0x11, sockrxts replyttl 
icmp,ICMP,130.104.228.159,1.0,192.168.1.1,IP Privada,1.0,8e-06,0.000606,44.0,64.0,72.0,0x7add,0xc0,11.0,0.0,1.0,44.0,0.0,0x11, sockrxts replyttl 
icmp,ICMP,130.104.228.159,2.0,191.112.0.1,"AS7418 - TELEFONICA CHILE S.A., CL",1.0,0.050769,0.003762,44.0,254.0,56.0,0x0298,0xc0,11.0,0.0,1.0,44.0,0.0,0x11, sockrxts replyttl 
icmp,ICMP,130.104.228.159,3.0,10.50.3.9,IP Privada,1.0,0.100715,0.003948,44.0,253.0,56.0,0x0283,0xc0,11.0,0.0,1.0,44.0,0.0,0x11, sockrxts replyttl 
icmp,ICMP,130.104.228.159,8.0,171.75.8.23,"AS3356 - LEVEL3, US",1.0,40.181019,0.218441,44.0,245.0,56.0,0x0000,0x00,11.0,0.0,1.0,44.0,0.0,0x11, sockrxts replyttl 
icmp,ICMP,130.104.228.159,9.0,212.133.24.90,"AS3356 - LEVEL3, US",1.0,40.399505,0.206319,44.0,245.0,56.0,0x0000,0x00,11.0,0.0,1.0,44.0,0.0,0x11, sockrxts replyttl 
icmp,ICMP,130.104.228.159,11.0,193.191.3.86,"AS2611 - BELNET, BE",1.0,50.613934,0.217929,44.0,50.0,72.0,0x144e,0x00,11.0,0.0,1.0,44.0,0.0,0x11, sockrxts replyttl 
icmp,ICMP,130.104.228.159,16.0,130.104.228.159,"AS2611 - BELNET, BE",1.0,90.858365,0.218049,44.0,46.0,44.0,0xb15f,0x00,,,,,,0x11, sockrxts replyttl 
tcp-ack,TCP,130.104.228.159,1.0,192.168.1.1,IP Privada,1.0,0.050002,0.000405,40.0,64.0,68.0,0x7aeb,0xc0,11.0,0.0,1.0,40.0,0.0,0x14, dlrxts replyttl 
tcp-ack,TCP,130.104.228.159,2.0,191.112.0.1,"AS7418 - TELEFONICA CHILE S.A., CL",1.0,0.100571,0.004154,40.0,254.0,56.0,0x0176,0xc0,11.0,0.0,1.0,40.0,0.0,0x14, dlrxts replyttl 
tcp-ack,TCP,130.104.228.159,3.0,10.50.3.9,IP Privada,1.0,0.149849,0.004133,40.0,253.0,56.0,0x0055,0xc0,11.0,0.0,1.0,40.0,0.0,0x14, dlrxts replyttl 
tcp-ack,TCP,130.104.228.159,4.0,10.50.3.22,IP Privada,1.0,0.200694,0.004574,40.0,252.0,56.0,0x0000,0x00,11.0,0.0,1.0,40.0,0.0,0x14, dlrxts replyttl 
tcp-ack,TCP,130.104.228.159,8.0,171.75.8.23,"AS3356 - LEVEL3, US",1.0,30.2566,0.223769,40.0,245.0,56.0,0x0000,0x00,11.0,0.0,1.0,40.0,0.0,0x14, dlrxts replyttl 
tcp-ack,TCP,130.104.228.159,9.0,212.133.24.90,"AS3356 - LEVEL3, US",1.0,30.480417,0.206469,40.0,245.0,56.0,0x0000,0x00,11.0,0.0,1.0,40.0,0.0,0x14, dlrxts replyttl 
udp-paris,UDP,5.161.76.19,1.0,192.168.1.1,IP Privada,1.0,0.000244,0.000387,44.0,64.0,72.0,0x7ad5,0xc0,11.0,0.0,1.0,44.0,0.0,0x11, sockrxts replyttl 
udp-paris,UDP,5.161.76.19,2.0,191.112.0.1,"AS7418 - TELEFONICA CHILE S.A., CL",1.0,0.049803,0.004806,44.0,254.0,56.0,0x0157,0xc0,11.0,0.0,1.0,44.0,0.0,0x11, sockrxts replyttl 
udp-paris,UDP,5.161.76.19,4.0,10.50.3.22,IP Privada,1.0,10.108027,0.00466,44.0,252.0,56.0,0x0000,0x00,11.0,0.0,1.0,44.0,0.0,0x11, sockrxts replyttl 
udp-paris,UDP,5.161.76.19,7.0,213.140.43.234,"AS12956 - TELXIUS TELXIUS Cable, ES",1.0,30.168174,0.099592,44.0,249.0,96.0,0xc159,0x00,11.0,0.0,1.0,44.0,32.0,0x11, sockrxts replyttl 
udp-paris,UDP,5.161.76.19,9.0,62.115.120.176,"AS1299 - TWELVE99 Arelion, fka Telia Carrier, SE",1.0,40.275955,0.141476,44.0,245.0,168.0,0x2dc1,0x00,11.0,0.0,1.0,44.0,0.0,0x11, sockrxts replyttl 
udp-paris,UDP,5.161.76.19,10.0,62.115.123.125,"AS1299 - TWELVE99 Arelion, fka Telia Carrier, SE",1.0,40.417525,0.123003,44.0,248.0,96.0,0x84d9,0x00,11.0,0.0,1.0,44.0,0.0,0x11, sockrxts replyttl 
udp-paris,UDP,5.161.76.19,11.0,62.115.56.201,"AS1299 - TWELVE99 Arelion, fka Telia Carrier, SE",1.0,40.540552,0.13319,44.0,245.0,56.0,0x0000,0x00,11.0,0.0,1.0,44.0,0.0,0x11, sockrxts replyttl 
udp-paris,UDP,5.161.76.19,12.0,5.161.0.86,"AS213230 - HETZNER-CLOUD2-AS, DE",1.0,40.673798,0.142237,44.0,244.0,56.0,0x0000,0x00,11.0,0.0,1.0,44.0,0.0,0x11, sockrxts replyttl 
udp-paris,UDP,5.161.76.19,14.0,5.161.9.171,"AS213230 - HETZNER-CLOUD2-AS, DE",1.0,50.823765,0.141801,44.0,51.0,72.0,0x2b0c,0x00,11.0,0.0,1.0,44.0,0.0,0x11, sockrxts replyttl 
icmp,ICMP,5.161.76.19,1.0,192.168.1.1,IP Privada,1.0,5e-06,0.00042,44.0,64.0,72.0,0x7ad1,0xc0,11.0,0.0,1.0,44.0,0.0,0x11, sockrxts replyttl 
icmp,ICMP,5.161.76.19,2.0,191.112.0.1,"AS7418 - TELEFONICA CHILE S.A., CL",1.0,0.050579,0.006491,44.0,254.0,56.0,0x00de,0xc0,11.0,0.0,1.0,44.0,0.0,0x11, sockrxts replyttl 
icmp,ICMP,5.161.76.19,3.0,10.50.3.9,IP Privada,1.0,0.100192,0.004052,44.0,253.0,56.0,0x002d,0xc0,11.0,0.0,1.0,44.0,0.0,0x11, sockrxts replyttl 
icmp,ICMP,5.161.76.19,4.0,10.50.3.10,IP Privada,1.0,0.150475,0.004659,44.0,252.0,56.0,0x0086,0xc0,11.0,0.0,1.0,44.0,0.0,0x11, sockrxts replyttl 
icmp,ICMP,5.161.76.19,5.0,213.140.39.160,"AS12956 - TELXIUS TELXIUS Cable, ES",2.0,5.204537,0.006562,44.0,250.0,56.0,0x0000,0x00,11.0,0.0,1.0,44.0,0.0,0x11, sockrxts replyttl 
icmp,ICMP,5.161.76.19,9.0,62.115.120.176,"AS1299 - TWELVE99 Arelion, fka Telia Carrier, SE",1.0,35.276219,0.143042,44.0,245.0,168.0,0x0965,0x00,11.0,0.0,1.0,44.0,0.0,0x11, sockrxts replyttl 
icmp,ICMP,5.161.76.19,10.0,62.115.123.125,"AS1299 - TWELVE99 Arelion, fka Telia Carrier, SE",1.0,35.419313,0.123715,44.0,248.0,96.0,0xa8b3,0x00,11.0,0.0,1.0,44.0,0.0,0x11, sockrxts replyttl 
icmp,ICMP,5.161.76.19,11.0,62.115.56.201,"AS1299 - TWELVE99 Arelion, fka Telia Carrier, SE",1.0,35.543073,0.133627,44.0,245.0,56.0,0x0000,0x00,11.0,0.0,1.0,44.0,0.0,0x11, sockrxts replyttl 
icmp,ICMP,5.161.76.19,12.0,5.161.0.86,"AS213230 - HETZNER-CLOUD2-AS, DE",1.0,35.676804,0.152788,44.0,244.0,56.0,0x0000,0x00,11.0,0.0,1.0,44.0,0.0,0x11, sockrxts replyttl 
icmp,ICMP,5.161.76.19,14.0,5.161.9.171,"AS213230 - HETZNER-CLOUD2-AS, DE",1.0,45.837228,0.142799,44.0,51.0,72.0,0xa01a,0x00,11.0,0.0,1.0,44.0,0.0,0x11, sockrxts replyttl 
icmp-paris,ICMP,80.77.4.60,,,,,,,,,,,,,,,,,0x20, icmp-csum-dport 
icmp-paris,ICMP,80.77.4.60,1.0,192.168.1.1,IP Privada,1.0,1.3e-05,0.000589,44.0,64.0,72.0,0x7ada,0xc0,11.0,0.0,1.0,44.0,0.0,0x11, sockrxts replyttl 
icmp-paris,ICMP,80.77.4.60,2.0,191.112.0.1,"AS7418 - TELEFONICA CHILE S.A., CL",1.0,0.04974,0.005692,44.0,254.0,56.0,0x0390,0xc0,11.0,0.0,1.0,44.0,0.0,0x11, sockrxts replyttl 
icmp-paris,ICMP,80.77.4.60,3.0,10.50.3.21,IP Privada,1.0,0.100605,0.010081,44.0,253.0,56.0,0x03ee,0xc0,11.0,0.0,1.0,44.0,0.0,0x11, sockrxts replyttl 
icmp-paris,ICMP,80.77.4.60,4.0,10.50.3.22,IP Privada,1.0,0.149864,0.006312,44.0,252.0,56.0,0x0000,0x00,11.0,0.0,1.0,44.0,0.0,0x11, sockrxts replyttl 
icmp-paris,ICMP,80.77.4.60,5.0,5.53.0.144,"AS12956 - TELXIUS TELXIUS Cable, ES",1.0,0.200324,0.008739,44.0,250.0,96.0,0xbabc,0x00,11.0,0.0,1.0,44.0,0.0,0x11, sockrxts replyttl 
icmp-paris,ICMP,80.77.4.60,9.0,62.115.120.176,"AS1299 - TWELVE99 Arelion, fka Telia Carrier, SE",1.0,30.27388,0.142886,44.0,245.0,168.0,0x7c8e,0x00,11.0,0.0,1.0,44.0,0.0,0x11, sockrxts replyttl 
icmp-paris,ICMP,80.77.4.60,10.0,62.115.136.200,"AS1299 - TWELVE99 Arelion, fka Telia Carrier, SE",1.0,30.416853,0.141683,44.0,244.0,168.0,0x525e,0x00,11.0,0.0,2.0,44.0,0.0,0x11, sockrxts replyttl 
icmp-paris,ICMP,80.77.4.60,11.0,62.115.112.71,"AS1299 - TWELVE99 Arelion, fka Telia Carrier, SE",1.0,30.558565,0.138116,44.0,54.0,72.0,0x8e6a,0x00,11.0,0.0,1.0,44.0,0.0,0x11, sockrxts replyttl 
icmp-paris,ICMP,80.77.4.60,12.0,62.115.57.79,"AS1299 - TWELVE99 Arelion, fka Telia Carrier, SE",1.0,30.696712,0.142985,44.0,244.0,56.0,0x0000,0x00,11.0,0.0,1.0,44.0,0.0,0x11, sockrxts replyttl 
icmp-paris,ICMP,80.77.4.60,13.0,85.95.26.222,"AS15412 - FLAG-AS Flag Telecom Global Internet AS, GB",1.0,30.83975,0.328563,44.0,240.0,168.0,0x0000,0x00,11.0,0.0,1.0,44.0,0.0,0x11, sockrxts replyttl 
icmp-paris,ICMP,80.77.4.60,14.0,62.216.131.30,"AS15412 - FLAG-AS Flag Telecom Global Internet AS, GB",1.0,31.168383,0.324326,44.0,241.0,168.0,0x0000,0x00,11.0,0.0,1.0,44.0,0.0,0x11, sockrxts replyttl 
icmp-paris,ICMP,80.77.4.60,15.0,62.216.128.210,"AS15412 - FLAG-AS Flag Telecom Global Internet AS, GB",1.0,31.492959,0.225352,44.0,245.0,168.0,0x959b,0x00,11.0,0.0,1.0,44.0,0.0,0x11, sockrxts replyttl 
icmp-paris,ICMP,80.77.4.60,16.0,85.95.25.93,"AS15412 - FLAG-AS Flag Telecom Global Internet AS, GB",1.0,31.718355,0.312165,44.0,244.0,56.0,0x0000,0x00,11.0,0.0,1.0,44.0,0.0,0x11, sockrxts replyttl 
icmp-paris,ICMP,80.77.4.60,17.0,80.77.4.60,"AS15412 - FLAG-AS Flag Telecom Global Internet AS, GB",1.0,32.030568,0.330159,44.0,52.0,44.0,0xeaae,0x00,,,,,,0x11, sockrxts replyttl 
tcp,TCP,80.77.4.60,1.0,192.168.1.1,IP Privada,1.0,0.050834,0.000419,40.0,64.0,68.0,0x7ad9,0xc0,11.0,0.0,1.0,40.0,0.0,0x14, dlrxts replyttl 
tcp,TCP,80.77.4.60,2.0,191.112.0.1,"AS7418 - TELEFONICA CHILE S.A., CL",1.0,0.100409,0.004674,40.0,254.0,56.0,0x02c1,0xc0,11.0,0.0,1.0,44.0,0.0,0x14, dlrxts replyttl 
tcp,TCP,80.77.4.60,3.0,10.50.3.9,IP Privada,1.0,0.150335,0.004141,40.0,253.0,56.0,0x03d9,0xc0,11.0,0.0,1.0,44.0,0.0,0x14, dlrxts replyttl 
tcp,TCP,80.77.4.60,4.0,10.50.3.10,IP Privada,1.0,0.200632,0.003546,40.0,252.0,56.0,0x00e0,0xc0,11.0,0.0,1.0,44.0,0.0,0x14, dlrxts replyttl 
tcp,TCP,80.77.4.60,6.0,176.52.248.55,"AS12956 - TELXIUS TELXIUS Cable, ES",1.0,10.251024,0.099546,40.0,250.0,96.0,0xa7f7,0x00,11.0,0.0,1.0,44.0,32.0,0x14, dlrxts replyttl 
tcp,TCP,80.77.4.60,9.0,62.115.120.176,"AS1299 - TWELVE99 Arelion, fka Telia Carrier, SE",1.0,30.352776,0.143258,40.0,245.0,168.0,0x60bd,0x00,11.0,0.0,1.0,44.0,0.0,0x14, dlrxts replyttl 
tcp,TCP,80.77.4.60,10.0,62.115.136.200,"AS1299 - TWELVE99 Arelion, fka Telia Carrier, SE",1.0,30.496063,0.141569,40.0,244.0,168.0,0x3dfa,0x00,11.0,0.0,2.0,44.0,0.0,0x14, dlrxts replyttl 
tcp,TCP,80.77.4.60,11.0,62.115.112.71,"AS1299 - TWELVE99 Arelion, fka Telia Carrier, SE",1.0,30.63772,0.138898,40.0,54.0,72.0,0x6a7b,0x00,11.0,0.0,1.0,44.0,0.0,0x14, dlrxts replyttl 
tcp,TCP,80.77.4.60,12.0,62.115.57.79,"AS1299 - TWELVE99 Arelion, fka Telia Carrier, SE",1.0,30.776715,0.14299,40.0,244.0,56.0,0x0000,0x00,11.0,0.0,1.0,44.0,0.0,0x14, dlrxts replyttl 
tcp,TCP,80.77.4.60,13.0,85.95.26.166,"AS15412 - FLAG-AS Flag Telecom Global Internet AS, GB",1.0,30.919764,0.323794,40.0,240.0,168.0,0x0000,0x00,11.0,0.0,1.0,44.0,0.0,0x14, dlrxts replyttl 
tcp,TCP,80.77.4.60,14.0,62.216.128.214,"AS15412 - FLAG-AS Flag Telecom Global Internet AS, GB",1.0,31.243639,0.326127,40.0,241.0,168.0,0x0000,0x00,11.0,0.0,1.0,44.0,0.0,0x14, dlrxts replyttl 
tcp,TCP,80.77.4.60,15.0,85.95.26.161,"AS15412 - FLAG-AS Flag Telecom Global Internet AS, GB",1.0,31.569833,0.323979,40.0,244.0,168.0,0x2d54,0x00,11.0,0.0,1.0,44.0,0.0,0x14, dlrxts replyttl 
tcp,TCP,80.77.4.60,16.0,62.216.129.134,"AS15412 - FLAG-AS Flag Telecom Global Internet AS, GB",1.0,31.893866,0.33558,40.0,244.0,56.0,0x0000,0x00,11.0,0.0,1.0,44.0,0.0,0x14, dlrxts replyttl 
udp,UDP,80.77.4.60,1.0,192.168.1.1,IP Privada,1.0,0.000161,0.000401,44.0,64.0,72.0,0x7ad8,0xc0,11.0,0.0,1.0,44.0,0.0,0x11, sockrxts replyttl 
udp,UDP,80.77.4.60,2.0,191.112.0.1,"AS7418 - TELEFONICA CHILE S.A., CL",1.0,0.050729,0.00479,44.0,254.0,56.0,0x0368,0xc0,11.0,0.0,1.0,44.0,0.0,0x11, sockrxts replyttl 
udp,UDP,80.77.4.60,3.0,10.50.3.9,IP Privada,1.0,0.100695,0.003638,44.0,253.0,56.0,0x00dd,0xc0,11.0,0.0,1.0,44.0,0.0,0x11, sockrxts replyttl 
udp,UDP,80.77.4.60,4.0,10.50.3.22,IP Privada,1.0,0.150498,0.00365,44.0,252.0,56.0,0x0000,0x00,11.0,0.0,1.0,44.0,0.0,0x11, sockrxts replyttl 
udp,UDP,80.77.4.60,5.0,213.140.39.160,"AS12956 - TELXIUS TELXIUS Cable, ES",1.0,0.200301,0.006164,44.0,250.0,56.0,0x0000,0x00,11.0,0.0,1.0,44.0,0.0,0x11, sockrxts replyttl 
udp,UDP,80.77.4.60,9.0,62.115.119.230,"AS1299 - TWELVE99 Arelion, fka Telia Carrier, SE",1.0,30.270857,0.138899,44.0,247.0,168.0,0x3ff5,0x00,11.0,0.0,1.0,44.0,0.0,0x11, sockrxts replyttl 
udp,UDP,80.77.4.60,11.0,62.115.112.69,"AS1299 - TWELVE99 Arelion, fka Telia Carrier, SE",1.0,40.417859,0.148159,44.0,54.0,72.0,0x8078,0x00,11.0,0.0,1.0,44.0,0.0,0x11, sockrxts replyttl 
udp,UDP,80.77.4.60,12.0,62.115.57.79,"AS1299 - TWELVE99 Arelion, fka Telia Carrier, SE",1.0,40.5661,0.147734,44.0,244.0,56.0,0x0000,0x00,11.0,0.0,1.0,44.0,0.0,0x11, sockrxts replyttl 
udp,UDP,80.77.4.60,13.0,85.95.26.166,"AS15412 - FLAG-AS Flag Telecom Global Internet AS, GB",1.0,40.713893,0.326689,44.0,240.0,168.0,0x0000,0x00,11.0,0.0,1.0,44.0,0.0,0x11, sockrxts replyttl 
udp,UDP,80.77.4.60,14.0,62.216.131.30,"AS15412 - FLAG-AS Flag Telecom Global Internet AS, GB",1.0,41.040662,0.32473,44.0,241.0,168.0,0x0000,0x00,11.0,0.0,1.0,44.0,0.0,0x11, sockrxts replyttl 
udp,UDP,80.77.4.60,15.0,62.216.128.210,"AS15412 - FLAG-AS Flag Telecom Global Internet AS, GB",1.0,41.365455,0.225266,44.0,245.0,168.0,0xacad,0x00,11.0,0.0,1.0,44.0,0.0,0x11, sockrxts replyttl 
udp,UDP,80.77.4.60,16.0,85.95.25.93,"AS15412 - FLAG-AS Flag Telecom Global Internet AS, GB",1.0,41.590808,0.312088,44.0,244.0,56.0,0x0000,0x00,11.0,0.0,1.0,44.0,0.0,0x11, sockrxts replyttl 
udp,UDP,80.77.4.60,17.0,80.77.4.60,"AS15412 - FLAG-AS Flag Telecom Global Internet AS, GB",1.0,41.903074,0.329856,44.0,52.0,72.0,0x8d5b,0x00,3.0,3.0,1.0,44.0,0.0,0x11, sockrxts replyttl 
udp-paris,UDP,130.104.228.159,1.0,192.168.1.1,IP Privada,1.0,0.000122,0.000404,44.0,64.0,72.0,0x7aea,0xc0,11.0,0.0,1.0,44.0,0.0,0x11, sockrxts replyttl 
udp-paris,UDP,130.104.228.159,2.0,191.112.0.1,"AS7418 - TELEFONICA CHILE S.A., CL",1.0,0.050688,0.010251,44.0,254.0,56.0,0x01ed,0xc0,11.0,0.0,1.0,44.0,0.0,0x11, sockrxts replyttl 
udp-paris,UDP,130.104.228.159,4.0,10.50.3.22,IP Privada,1.0,10.108249,0.0044,44.0,252.0,56.0,0x0000,0x00,11.0,0.0,1.0,44.0,0.0,0x11, sockrxts replyttl 
udp-paris,UDP,130.104.228.159,8.0,171.75.8.23,"AS3356 - LEVEL3, US",1.0,40.182444,0.218565,44.0,245.0,56.0,0x0000,0x00,11.0,0.0,1.0,44.0,0.0,0x11, sockrxts replyttl 
udp-paris,UDP,130.104.228.159,9.0,212.133.24.90,"AS3356 - LEVEL3, US",1.0,40.401087,0.229527,44.0,245.0,56.0,0x0000,0x00,11.0,0.0,1.0,44.0,0.0,0x11, sockrxts replyttl 
udp-paris,UDP,130.104.228.159,11.0,193.191.3.86,"AS2611 - BELNET, BE",1.0,50.638426,0.218245,44.0,50.0,72.0,0x8a6e,0x00,11.0,0.0,1.0,44.0,0.0,0x11, sockrxts replyttl 
udp-paris,UDP,130.104.228.159,16.0,130.104.228.159,"AS2611 - BELNET, BE",1.0,90.885469,0.21803,44.0,46.0,72.0,0x5299,0x00,3.0,3.0,1.0,44.0,0.0,0x11, sockrxts replyttl 
udp-paris,UDP,80.77.4.60,1.0,192.168.1.1,IP Privada,1.0,0.000188,0.000396,44.0,64.0,72.0,0x7adb,0xc0,11.0,0.0,1.0,44.0,0.0,0x11, sockrxts replyttl 
udp-paris,UDP,80.77.4.60,2.0,191.112.0.1,"AS7418 - TELEFONICA CHILE S.A., CL",1.0,0.050756,0.004509,44.0,254.0,56.0,0x0301,0xc0,11.0,0.0,1.0,44.0,0.0,0x11, sockrxts replyttl 
udp-paris,UDP,80.77.4.60,7.0,213.140.43.234,"AS12956 - TELXIUS TELXIUS Cable, ES",1.0,40.12889,0.101138,44.0,249.0,96.0,0x60ce,0x00,11.0,0.0,1.0,44.0,32.0,0x11, sockrxts replyttl 
udp-paris,UDP,80.77.4.60,9.0,62.115.120.176,"AS1299 - TWELVE99 Arelion, fka Telia Carrier, SE",2.0,55.241796,0.142821,44.0,245.0,168.0,0x1b27,0x00,11.0,0.0,1.0,44.0,0.0,0x11, sockrxts replyttl 
udp-paris,UDP,80.77.4.60,10.0,62.115.136.200,"AS1299 - TWELVE99 Arelion, fka Telia Carrier, SE",1.0,55.384668,0.144014,44.0,244.0,168.0,0x2852,0x00,11.0,0.0,2.0,44.0,0.0,0x11, sockrxts replyttl 
udp-paris,UDP,80.77.4.60,11.0,62.115.112.71,"AS1299 - TWELVE99 Arelion, fka Telia Carrier, SE",1.0,55.528741,0.13768,44.0,54.0,72.0,0x9452,0x00,11.0,0.0,1.0,44.0,0.0,0x11, sockrxts replyttl 
udp-paris,UDP,80.77.4.60,12.0,62.115.57.79,"AS1299 - TWELVE99 Arelion, fka Telia Carrier, SE",1.0,55.666481,0.143458,44.0,244.0,56.0,0x0000,0x00,11.0,0.0,1.0,44.0,0.0,0x11, sockrxts replyttl 
udp-paris,UDP,80.77.4.60,13.0,85.95.26.166,"AS15412 - FLAG-AS Flag Telecom Global Internet AS, GB",1.0,55.809994,0.32276,44.0,240.0,168.0,0x0000,0x00,11.0,0.0,1.0,44.0,0.0,0x11, sockrxts replyttl 
udp-paris,UDP,80.77.4.60,14.0,62.216.128.214,"AS15412 - FLAG-AS Flag Telecom Global Internet AS, GB",1.0,56.132851,0.325162,44.0,241.0,168.0,0x0000,0x00,11.0,0.0,1.0,44.0,0.0,0x11, sockrxts replyttl 
udp-paris,UDP,80.77.4.60,15.0,85.95.26.161,"AS15412 - FLAG-AS Flag Telecom Global Internet AS, GB",1.0,56.458072,0.323993,44.0,244.0,168.0,0xf2fa,0x00,11.0,0.0,1.0,44.0,0.0,0x11, sockrxts replyttl 
udp-paris,UDP,80.77.4.60,16.0,62.216.129.134,"AS15412 - FLAG-AS Flag Telecom Global Internet AS, GB",1.0,56.791871,0.324507,44.0,244.0,56.0,0x0000,0x00,11.0,0.0,1.0,44.0,0.0,0x11, sockrxts replyttl 
udp-paris,UDP,80.77.4.60,17.0,80.77.4.60,"AS15412 - FLAG-AS Flag Telecom Global Internet AS, GB",1.0,57.116446,0.327768,44.0,52.0,72.0,0x8d96,0x00,3.0,3.0,1.0,44.0,0.0,0x11, sockrxts replyttl 
